feature,importance
equilibrium_temperature,0.5518787738165254
planet_mass,0.4364299143832195
planet_density,0.005852028664280569
planet_radius,0.004294346305964499
stellar_radius,0.00070018276506731
stellar_mass,0.0006039919612412951
stellar_temperature,0.00024076210370152816
