Algorithm,R2 (Holdout),R2 (CV Mean),MAE,Duration
LinearRegression,0.15698634651931842,0.17089714386217442,0.03139801850952519,0.003693103790283203
RandomForest,0.9935787096822613,0.9832116828901126,0.0008683992453539163,1.2678442001342773
GradientBoosting,0.9921253121002216,0.9869951936014605,0.0014945586854007915,0.6158702373504639
HistGradientBoosting,0.9910214031106791,0.9790885676097038,0.001481027276338045,0.17231965065002441
